Asset,Decision,ReStory fit / office role,Triangles,UVs,Material variants needed
Assets/3DreaMax Studio/036_Retro Office Props Pack Vol-1/Prefabs/URP/Combined/PF_File_Box 1.prefab,Reserve,"Usable supporting shape; not needed in this pass, avoid visual duplication and indiscriminate filler",11972,True,M_Office_Accessories V2; M_Office_Accessories; M_Paper
Assets/3DreaMax Studio/036_Retro Office Props Pack Vol-1/Prefabs/URP/Combined/PF_File_Box.prefab,Reserve,"Usable supporting shape; not needed in this pass, avoid visual duplication and indiscriminate filler",11972,True,M_Office_Accessories V2; M_Office_Accessories; M_Paper
Assets/3DreaMax Studio/036_Retro Office Props Pack Vol-1/Prefabs/URP/Combined/PF_File_Shelf.prefab,Selected,Administration; use shared painted material treatment and measured placement,15622,True,M_Cabinate_And_File; M_Office_Accessories V2; M_Office_Accessories
Assets/3DreaMax Studio/036_Retro Office Props Pack Vol-1/Prefabs/URP/Combined/PF_File_Shelf_V2.prefab,Selected,Administration; use shared painted material treatment and measured placement,18372,True,M_Cabinate_And_File; M_Office_Accessories V2; M_Office_Accessories
Assets/3DreaMax Studio/036_Retro Office Props Pack Vol-1/Prefabs/URP/Combined/PF_Office_File.prefab,Reserve,"Usable supporting shape; not needed in this pass, avoid visual duplication and indiscriminate filler",592,True,M_Cabinate_And_File; M_Office_Accessories V2
Assets/3DreaMax Studio/036_Retro Office Props Pack Vol-1/Prefabs/URP/Combined/PF_Paper_Waste.prefab,Reserve,"Usable supporting shape; not needed in this pass, avoid visual duplication and indiscriminate filler",1906,True,M_Office_Accessories V2; M_Office_Accessories V2_AlphaClipping; M_Paper
Assets/3DreaMax Studio/036_Retro Office Props Pack Vol-1/Prefabs/URP/Combined/PF_Pen_Holder.prefab,Selected,Administration / Clerk desk; use shared painted material treatment and measured placement,1554,True,M_Table_Accessories
Assets/3DreaMax Studio/036_Retro Office Props Pack Vol-1/Prefabs/URP/PF_Air_Conditioner.prefab,Selected,Administration; use shared painted material treatment and measured placement,1266,True,M_Air_Conditioner
Assets/3DreaMax Studio/036_Retro Office Props Pack Vol-1/Prefabs/URP/PF_Ashtry.prefab,Not selected,"Conflicts with current functional-office scope, digital clock, or removal of historical clutter",514,True,M_Office_Accessories
Assets/3DreaMax Studio/036_Retro Office Props Pack Vol-1/Prefabs/URP/PF_Book.prefab,Conditional,Fixed text/art requires replacement or runtime localisation; avoid duplicate narrative clutter,72,True,M_Office_Accessories V2
Assets/3DreaMax Studio/036_Retro Office Props Pack Vol-1/Prefabs/URP/PF_Book_V1.prefab,Conditional,Fixed text/art requires replacement or runtime localisation; avoid duplicate narrative clutter,88,True,M_Office_Accessories V2
Assets/3DreaMax Studio/036_Retro Office Props Pack Vol-1/Prefabs/URP/PF_Book_V2.prefab,Conditional,Fixed text/art requires replacement or runtime localisation; avoid duplicate narrative clutter,72,True,M_Office_Accessories V2
Assets/3DreaMax Studio/036_Retro Office Props Pack Vol-1/Prefabs/URP/PF_Calculator.prefab,Selected,Administration / Clerk desk; use shared painted material treatment and measured placement,458,True,M_Calculator
Assets/3DreaMax Studio/036_Retro Office Props Pack Vol-1/Prefabs/URP/PF_Calendar.prefab,Not selected,"Conflicts with current functional-office scope, digital clock, or removal of historical clutter",2723,True,M_Office_Accessories V2
Assets/3DreaMax Studio/036_Retro Office Props Pack Vol-1/Prefabs/URP/PF_Ceiling_Fan.prefab,Reserve,Architectural alternative; current three-wall window hall and clear portal route retained,2024,True,M_Ceiling_Fan
Assets/3DreaMax Studio/036_Retro Office Props Pack Vol-1/Prefabs/URP/PF_Ceiling_Fan_V1.prefab,Reserve,Architectural alternative; current three-wall window hall and clear portal route retained,1676,True,M_Ceiling_Fan
Assets/3DreaMax Studio/036_Retro Office Props Pack Vol-1/Prefabs/URP/PF_Clip_Board.prefab,Reserve,"Usable supporting shape; not needed in this pass, avoid visual duplication and indiscriminate filler",586,True,M_Table_Accessories
Assets/3DreaMax Studio/036_Retro Office Props Pack Vol-1/Prefabs/URP/PF_Cutter_Knife.prefab,Reserve,"Usable supporting shape; not needed in this pass, avoid visual duplication and indiscriminate filler",397,True,M_Table_Accessories
Assets/3DreaMax Studio/036_Retro Office Props Pack Vol-1/Prefabs/URP/PF_Eraser.prefab,Reserve,"Usable supporting shape; not needed in this pass, avoid visual duplication and indiscriminate filler",12,True,M_Table_Accessories
Assets/3DreaMax Studio/036_Retro Office Props Pack Vol-1/Prefabs/URP/PF_FIle_Carton_Box.prefab,Reserve,"Usable supporting shape; not needed in this pass, avoid visual duplication and indiscriminate filler",212,True,M_Office_Accessories
Assets/3DreaMax Studio/036_Retro Office Props Pack Vol-1/Prefabs/URP/PF_FIle_Carton_Box_Closed.prefab,Reserve,"Usable supporting shape; not needed in this pass, avoid visual duplication and indiscriminate filler",76,True,M_Office_Accessories V2
Assets/3DreaMax Studio/036_Retro Office Props Pack Vol-1/Prefabs/URP/PF_FIle_Carton_Box_Open.prefab,Reserve,"Usable supporting shape; not needed in this pass, avoid visual duplication and indiscriminate filler",78,True,M_Office_Accessories V2
Assets/3DreaMax Studio/036_Retro Office Props Pack Vol-1/Prefabs/URP/PF_File_Cabinet_Shelf.prefab,Reserve,"Usable supporting shape; not needed in this pass, avoid visual duplication and indiscriminate filler",168,True,M_Cabinate_And_File
Assets/3DreaMax Studio/036_Retro Office Props Pack Vol-1/Prefabs/URP/PF_File_Holder_Rack.prefab,Selected,Clerk desk; use shared painted material treatment and measured placement,108,True,M_Office_Accessories V2
Assets/3DreaMax Studio/036_Retro Office Props Pack Vol-1/Prefabs/URP/PF_File_Open.prefab,Reserve,"Usable supporting shape; not needed in this pass, avoid visual duplication and indiscriminate filler",152,True,M_Office_Accessories V2
Assets/3DreaMax Studio/036_Retro Office Props Pack Vol-1/Prefabs/URP/PF_Filing_Cabinet.prefab,Selected,Administration / Technical support; use shared painted material treatment and measured placement,770,True,M_Office_Furniture
Assets/3DreaMax Studio/036_Retro Office Props Pack Vol-1/Prefabs/URP/PF_Landline_Phone.prefab,Selected,Administration / Clerk desk / Technical support; use shared painted material treatment and measured placement,5718,True,M_Landline_Phone
Assets/3DreaMax Studio/036_Retro Office Props Pack Vol-1/Prefabs/URP/PF_Newspaper.prefab,Conditional,Fixed text/art requires replacement or runtime localisation; avoid duplicate narrative clutter,182,True,M_Paper
Assets/3DreaMax Studio/036_Retro Office Props Pack Vol-1/Prefabs/URP/PF_Note_Book.prefab,Conditional,Fixed text/art requires replacement or runtime localisation; avoid duplicate narrative clutter,1008,True,M_Table_Accessories
Assets/3DreaMax Studio/036_Retro Office Props Pack Vol-1/Prefabs/URP/PF_Notice_Board.prefab,Reserve,"Usable supporting shape; not needed in this pass, avoid visual duplication and indiscriminate filler",472,True,M_Office_Accessories; M_Paper
Assets/3DreaMax Studio/036_Retro Office Props Pack Vol-1/Prefabs/URP/PF_Office_File.prefab,Reserve,"Usable supporting shape; not needed in this pass, avoid visual duplication and indiscriminate filler",968,True,M_Office_Accessories V2
Assets/3DreaMax Studio/036_Retro Office Props Pack Vol-1/Prefabs/URP/PF_Office_File_V2.prefab,Selected,Clerk desk; use shared painted material treatment and measured placement,484,True,M_Cabinate_And_File
Assets/3DreaMax Studio/036_Retro Office Props Pack Vol-1/Prefabs/URP/PF_Office_Table.prefab,Selected,Administration / Waiting area; use shared painted material treatment and measured placement,690,True,M_Office_Furniture
Assets/3DreaMax Studio/036_Retro Office Props Pack Vol-1/Prefabs/URP/PF_Old_Briefcase_Closed.prefab,Reserve,"Usable supporting shape; not needed in this pass, avoid visual duplication and indiscriminate filler",1836,True,M_Office_Accessories V2
Assets/3DreaMax Studio/036_Retro Office Props Pack Vol-1/Prefabs/URP/PF_Old_Briefcase_Open.prefab,Reserve,"Usable supporting shape; not needed in this pass, avoid visual duplication and indiscriminate filler",1836,True,M_Office_Accessories V2
Assets/3DreaMax Studio/036_Retro Office Props Pack Vol-1/Prefabs/URP/PF_Old_Computer.prefab,Reserve,"Usable supporting shape; not needed in this pass, avoid visual duplication and indiscriminate filler",9993,True,M_Classic_Keyboard; M_CRT_Monitor; M_Old_CPU; M_Retro_Mouse
Assets/3DreaMax Studio/036_Retro Office Props Pack Vol-1/Prefabs/URP/PF_Paper_Ball.prefab,Selected,Administration; use shared painted material treatment and measured placement,128,True,M_Paper
Assets/3DreaMax Studio/036_Retro Office Props Pack Vol-1/Prefabs/URP/PF_Paper_Roll.prefab,Reserve,"Usable supporting shape; not needed in this pass, avoid visual duplication and indiscriminate filler",40,True,M_Paper
Assets/3DreaMax Studio/036_Retro Office Props Pack Vol-1/Prefabs/URP/PF_Paper_Stack_V1.prefab,Selected,Administration / Clerk desk / Waiting area; use shared painted material treatment and measured placement,154,True,M_Paper
Assets/3DreaMax Studio/036_Retro Office Props Pack Vol-1/Prefabs/URP/PF_Paper_Stack_V2.prefab,Selected,Administration / Technical support; use shared painted material treatment and measured placement,144,True,M_Paper
Assets/3DreaMax Studio/036_Retro Office Props Pack Vol-1/Prefabs/URP/PF_Paper_Tray.prefab,Selected,Administration; use shared painted material treatment and measured placement,60,True,M_Office_Accessories V2
Assets/3DreaMax Studio/036_Retro Office Props Pack Vol-1/Prefabs/URP/PF_Paper_V1.prefab,Reserve,"Usable supporting shape; not needed in this pass, avoid visual duplication and indiscriminate filler",2,True,M_Paper
Assets/3DreaMax Studio/036_Retro Office Props Pack Vol-1/Prefabs/URP/PF_Paper_V2.prefab,Reserve,"Usable supporting shape; not needed in this pass, avoid visual duplication and indiscriminate filler",32,True,M_Paper
Assets/3DreaMax Studio/036_Retro Office Props Pack Vol-1/Prefabs/URP/PF_Paper_V3.prefab,Reserve,"Usable supporting shape; not needed in this pass, avoid visual duplication and indiscriminate filler",12,True,M_Paper
Assets/3DreaMax Studio/036_Retro Office Props Pack Vol-1/Prefabs/URP/PF_Paper_V4.prefab,Reserve,"Usable supporting shape; not needed in this pass, avoid visual duplication and indiscriminate filler",2,True,M_Paper
Assets/3DreaMax Studio/036_Retro Office Props Pack Vol-1/Prefabs/URP/PF_Partition_V1.prefab,Selected,Administration / Waiting area; use shared painted material treatment and measured placement,60,True,M_Partition
Assets/3DreaMax Studio/036_Retro Office Props Pack Vol-1/Prefabs/URP/PF_Partition_V2.prefab,Selected,Administration; use shared painted material treatment and measured placement,60,True,M_Partition
Assets/3DreaMax Studio/036_Retro Office Props Pack Vol-1/Prefabs/URP/PF_Partition_V3.prefab,Reserve,"Usable supporting shape; not needed in this pass, avoid visual duplication and indiscriminate filler",180,True,M_Partition
Assets/3DreaMax Studio/036_Retro Office Props Pack Vol-1/Prefabs/URP/PF_Pen.prefab,Selected,Clerk desk; use shared painted material treatment and measured placement,376,True,M_Table_Accessories
Assets/3DreaMax Studio/036_Retro Office Props Pack Vol-1/Prefabs/URP/PF_Pen_Holder.prefab,Selected,Waiting area; use shared painted material treatment and measured placement,428,True,M_Table_Accessories
Assets/3DreaMax Studio/036_Retro Office Props Pack Vol-1/Prefabs/URP/PF_Pencil.prefab,Selected,Waiting area; use shared painted material treatment and measured placement,126,True,M_Table_Accessories
Assets/3DreaMax Studio/036_Retro Office Props Pack Vol-1/Prefabs/URP/PF_Retro_Chair.prefab,Selected,Administration / Technical support; use shared painted material treatment and measured placement,3452,True,M_Office_Furniture
Assets/3DreaMax Studio/036_Retro Office Props Pack Vol-1/Prefabs/URP/PF_Sticky_Note.prefab,Selected,Clerk desk / Waiting area; use shared painted material treatment and measured placement,122,True,M_Table_Accessories
Assets/3DreaMax Studio/036_Retro Office Props Pack Vol-1/Prefabs/URP/PF_Sticky_Note_V1.prefab,Conditional,Fixed text/art requires replacement or runtime localisation; avoid duplicate narrative clutter,10,True,M_Table_Accessories
Assets/3DreaMax Studio/036_Retro Office Props Pack Vol-1/Prefabs/URP/PF_Table_Lamp.prefab,Reserve,"Usable supporting shape; not needed in this pass, avoid visual duplication and indiscriminate filler",2654,True,M_Office_Accessories V2
Assets/3DreaMax Studio/036_Retro Office Props Pack Vol-1/Prefabs/URP/PF_Terrestrial_Glob.prefab,Not selected,"Conflicts with current functional-office scope, digital clock, or removal of historical clutter",1210,True,M_Office_Accessories
Assets/3DreaMax Studio/036_Retro Office Props Pack Vol-1/Prefabs/URP/PF_Tube_Light.prefab,Reserve,"Usable supporting shape; not needed in this pass, avoid visual duplication and indiscriminate filler",188,True,M_Office_Accessories
Assets/3DreaMax Studio/036_Retro Office Props Pack Vol-1/Prefabs/URP/PF_Vintage_Cell_Phone.prefab,Selected,Administration; use shared painted material treatment and measured placement,1542,True,M_Vintage_Cell_Phone
Assets/3DreaMax Studio/036_Retro Office Props Pack Vol-1/Prefabs/URP/PF_Wall_Clock.prefab,Not selected,"Conflicts with current functional-office scope, digital clock, or removal of historical clutter",664,True,M_Glass; M_Office_Accessories V2
Assets/3DreaMax Studio/036_Retro Office Props Pack Vol-1/Prefabs/URP/PF_Waste_Bin.prefab,Selected,Administration / Waiting area; use shared painted material treatment and measured placement,378,True,M_Office_Accessories V2; M_Office_Accessories V2_AlphaClipping
Assets/3DreaMax Studio/036_Retro Office Props Pack Vol-1/Prefabs/URP/PF_White_Board.prefab,Reserve,"Usable supporting shape; not needed in this pass, avoid visual duplication and indiscriminate filler",44,True,M_Office_Accessories
Assets/Creepy_Cat/3D Scifi Kit Starter Kit_HD/Prefabs/Doors/DoorWay_01_Large.prefab,Reserve,Architectural alternative; current three-wall window hall and clear portal route retained,326,True,HD_Stuff_01_Norm; HD_Wall_05_Norm
Assets/Creepy_Cat/3D Scifi Kit Starter Kit_HD/Prefabs/Doors/DoorWay_01_Ramp.prefab,Reserve,Architectural alternative; current three-wall window hall and clear portal route retained,20,True,HD_Wall_05_Norm
Assets/Creepy_Cat/3D Scifi Kit Starter Kit_HD/Prefabs/Doors/DoorWay_01_Up.prefab,Reserve,Architectural alternative; current three-wall window hall and clear portal route retained,25,True,HD_Wall_05_Norm
Assets/Creepy_Cat/3D Scifi Kit Starter Kit_HD/Prefabs/Doors/Door_Left_01.prefab,Reserve,Architectural alternative; current three-wall window hall and clear portal route retained,626,True,HD_Wall_06_Norm; Glass
Assets/Creepy_Cat/3D Scifi Kit Starter Kit_HD/Prefabs/Doors/Door_Right_01.prefab,Reserve,Architectural alternative; current three-wall window hall and clear portal route retained,814,True,HD_Wall_06_Norm; Glass
Assets/Creepy_Cat/3D Scifi Kit Starter Kit_HD/Prefabs/Doors/Door_Vert_01.prefab,Reserve,Architectural alternative; current three-wall window hall and clear portal route retained,220,True,HD_Stuff_04_Norm; HD_Wall_11_Norm
Assets/Creepy_Cat/3D Scifi Kit Starter Kit_HD/Prefabs/Doors/Horizontal_Doors_Kit.prefab,Reject standalone,No active render geometry; assembly/container only,0,False,
Assets/Creepy_Cat/3D Scifi Kit Starter Kit_HD/Prefabs/Doors/Vertical_Doors_Kit.prefab,Reject standalone,No active render geometry; assembly/container only,0,False,
Assets/Creepy_Cat/3D Scifi Kit Starter Kit_HD/Prefabs/Fences/Fence_Angle_02.prefab,Reserve,"Usable supporting shape; not needed in this pass, avoid visual duplication and indiscriminate filler",292,True,HD_Stuff_01_Norm
Assets/Creepy_Cat/3D Scifi Kit Starter Kit_HD/Prefabs/Fences/Fence_Long_01.prefab,Reserve,"Usable supporting shape; not needed in this pass, avoid visual duplication and indiscriminate filler",104,True,HD_Stuff_01_Norm
Assets/Creepy_Cat/3D Scifi Kit Starter Kit_HD/Prefabs/Fences/Fence_Short_01.prefab,Reserve,"Usable supporting shape; not needed in this pass, avoid visual duplication and indiscriminate filler",80,True,HD_Stuff_01_Norm
Assets/Creepy_Cat/3D Scifi Kit Starter Kit_HD/Prefabs/Fences/Fence_Turn_90_Large_01.prefab,Reserve,"Usable supporting shape; not needed in this pass, avoid visual duplication and indiscriminate filler",300,True,HD_Stuff_01_Norm
Assets/Creepy_Cat/3D Scifi Kit Starter Kit_HD/Prefabs/Fences/Fence_Turn_90_Short_01.prefab,Reserve,"Usable supporting shape; not needed in this pass, avoid visual duplication and indiscriminate filler",132,True,HD_Stuff_01_Norm
Assets/Creepy_Cat/3D Scifi Kit Starter Kit_HD/Prefabs/Floors/Floor_Angle_01_6x6.prefab,Reserve,Architectural alternative; current three-wall window hall and clear portal route retained,8,True,HD_Floor_01_Norm
Assets/Creepy_Cat/3D Scifi Kit Starter Kit_HD/Prefabs/Floors/Floor_Coin_01_Small.prefab,Reserve,Architectural alternative; current three-wall window hall and clear portal route retained,2,True,HD_Floor_02_Norm
Assets/Creepy_Cat/3D Scifi Kit Starter Kit_HD/Prefabs/Floors/Floor_Descent_01.prefab,Reserve,Architectural alternative; current three-wall window hall and clear portal route retained,216,True,HD_Alpha_02_Norm; HD_Stuff_01_Norm
Assets/Creepy_Cat/3D Scifi Kit Starter Kit_HD/Prefabs/Floors/Floor_Hole_01.prefab,Reserve,Architectural alternative; current three-wall window hall and clear portal route retained,72,True,HD_Stuff_01_Norm
Assets/Creepy_Cat/3D Scifi Kit Starter Kit_HD/Prefabs/Floors/Floor_Pipes_01.prefab,Reserve,Architectural alternative; current three-wall window hall and clear portal route retained,1136,True,HD_Stuff_01_Norm
Assets/Creepy_Cat/3D Scifi Kit Starter Kit_HD/Prefabs/Floors/Floor_Squared_01_6x6.prefab,Reserve,Architectural alternative; current three-wall window hall and clear portal route retained,8,True,HD_Floor_01_Norm
Assets/Creepy_Cat/3D Scifi Kit Starter Kit_HD/Prefabs/Floors/Floor_Squared_02_6x6.prefab,Reserve,Architectural alternative; current three-wall window hall and clear portal route retained,1184,True,HD_Alpha_02_Norm; HD_Floor_02_Norm; HD_Stuff_01_Norm
Assets/Creepy_Cat/3D Scifi Kit Starter Kit_HD/Prefabs/Floors/Floor_Third_01_Strip_2x6.prefab,Reserve,Architectural alternative; current three-wall window hall and clear portal route retained,4,True,HD_Floor_02_Norm
Assets/Creepy_Cat/3D Scifi Kit Starter Kit_HD/Prefabs/Floors/Floor_Third_02_Strip_2x6.prefab,Reserve,Architectural alternative; current three-wall window hall and clear portal route retained,4,True,HD_Floor_02_Norm
Assets/Creepy_Cat/3D Scifi Kit Starter Kit_HD/Prefabs/Floors/Floor_Third_03_Strip_2x6.prefab,Reserve,Architectural alternative; current three-wall window hall and clear portal route retained,4,True,HD_Floor_02_Norm
Assets/Creepy_Cat/3D Scifi Kit Starter Kit_HD/Prefabs/Floors/Floor_Third_04_Strip_2x6.prefab,Reserve,Architectural alternative; current three-wall window hall and clear portal route retained,26,True,Floor_Third_04_Strip_2x6
Assets/Creepy_Cat/3D Scifi Kit Starter Kit_HD/Prefabs/Floors/Room_Floor_3x3.prefab,Reserve,Architectural alternative; current three-wall window hall and clear portal route retained,1248,True,HD_Alpha_02_Norm; HD_Floor_01_Norm; HD_Floor_02_Norm; HD_Stuff_01_Norm
Assets/Creepy_Cat/3D Scifi Kit Starter Kit_HD/Prefabs/Lights/Light_Corridor_01.prefab,Reserve,"Usable supporting shape; not needed in this pass, avoid visual duplication and indiscriminate filler",134,True,HD_Stuff_01_Norm
Assets/Creepy_Cat/3D Scifi Kit Starter Kit_HD/Prefabs/Lights/Light_Corridor_02.prefab,Reserve,"Usable supporting shape; not needed in this pass, avoid visual duplication and indiscriminate filler",158,True,HD_Stuff_01_Norm
Assets/Creepy_Cat/3D Scifi Kit Starter Kit_HD/Prefabs/Lights/Light_SideLight_01.prefab,Reserve,"Usable supporting shape; not needed in this pass, avoid visual duplication and indiscriminate filler",10,True,HD_Stuff_01_Norm
Assets/Creepy_Cat/3D Scifi Kit Starter Kit_HD/Prefabs/Lights/Light_SideLight_02.prefab,Reserve,"Usable supporting shape; not needed in this pass, avoid visual duplication and indiscriminate filler",10,True,HD_Stuff_01_Norm
Assets/Creepy_Cat/3D Scifi Kit Starter Kit_HD/Prefabs/Lights/Light_SideLight_03.prefab,Reserve,"Usable supporting shape; not needed in this pass, avoid visual duplication and indiscriminate filler",10,True,HD_Stuff_01_Norm
Assets/Creepy_Cat/3D Scifi Kit Starter Kit_HD/Prefabs/Lights/Light_SideLight_04.prefab,Reserve,"Usable supporting shape; not needed in this pass, avoid visual duplication and indiscriminate filler",10,True,HD_Stuff_01_Norm
Assets/Creepy_Cat/3D Scifi Kit Starter Kit_HD/Prefabs/Lights/Light_SideLight_05.prefab,Reserve,"Usable supporting shape; not needed in this pass, avoid visual duplication and indiscriminate filler",10,True,HD_Stuff_01_Norm
Assets/Creepy_Cat/3D Scifi Kit Starter Kit_HD/Prefabs/Props/Airing_01.prefab,Reserve,"Usable supporting shape; not needed in this pass, avoid visual duplication and indiscriminate filler",469,True,HD_Alpha_02_Norm; HD_Stuff_01_Norm; Smoke
Assets/Creepy_Cat/3D Scifi Kit Starter Kit_HD/Prefabs/Props/Crate_01.prefab,Selected,Portal service; use shared painted material treatment and measured placement,188,True,HD_Stuff_01_Norm; HD_Stuff_02_Norm
Assets/Creepy_Cat/3D Scifi Kit Starter Kit_HD/Prefabs/Roofs/Roof_Angle_01_6x6.prefab,Reserve,Architectural alternative; current three-wall window hall and clear portal route retained,106,True,HD_Floor_01_Norm
Assets/Creepy_Cat/3D Scifi Kit Starter Kit_HD/Prefabs/Roofs/Roof_Glass_01_6x6.prefab,Reserve,Architectural alternative; current three-wall window hall and clear portal route retained,192,True,HD_Wall_12_Norm; Glass
Assets/Creepy_Cat/3D Scifi Kit Starter Kit_HD/Prefabs/Roofs/Roof_Squared_01_6x6.prefab,Reserve,Architectural alternative; current three-wall window hall and clear portal route retained,42,True,HD_Floor_01_Norm
Assets/Creepy_Cat/3D Scifi Kit Starter Kit_HD/Prefabs/Roofs/Roof_Squared_02_6x6.prefab,Reserve,Architectural alternative; current three-wall window hall and clear portal route retained,8,True,HD_Floor_02_Norm
Assets/Creepy_Cat/3D Scifi Kit Starter Kit_HD/Prefabs/Stairways/Stairway_Angle_Right_01.prefab,Reserve,Architectural alternative; current three-wall window hall and clear portal route retained,390,True,HD_Alpha_02_Norm; HD_Stuff_01_Norm
Assets/Creepy_Cat/3D Scifi Kit Starter Kit_HD/Prefabs/Stairways/Stairway_PillarAngle_01.prefab,Reserve,Architectural alternative; current three-wall window hall and clear portal route retained,7,True,HD_Stuff_01_Norm
Assets/Creepy_Cat/3D Scifi Kit Starter Kit_HD/Prefabs/Stairways/Stairway_Plateform_00.prefab,Reserve,Architectural alternative; current three-wall window hall and clear portal route retained,28,True,HD_Alpha_02_Norm; HD_Stuff_01_Norm
Assets/Creepy_Cat/3D Scifi Kit Starter Kit_HD/Prefabs/Stairways/Stairway_Plateform_01.prefab,Reserve,Architectural alternative; current three-wall window hall and clear portal route retained,276,True,HD_Alpha_02_Norm; HD_Stuff_01_Norm
Assets/Creepy_Cat/3D Scifi Kit Starter Kit_HD/Prefabs/Stairways/Stairway_Plateform_02.prefab,Reserve,Architectural alternative; current three-wall window hall and clear portal route retained,396,True,HD_Alpha_02_Norm; HD_Stuff_01_Norm
Assets/Creepy_Cat/3D Scifi Kit Starter Kit_HD/Prefabs/Stairways/Stairway_Plateform_03.prefab,Reserve,Architectural alternative; current three-wall window hall and clear portal route retained,620,True,HD_Alpha_02_Norm; HD_Stuff_01_Norm
Assets/Creepy_Cat/3D Scifi Kit Starter Kit_HD/Prefabs/Stairways/Stairway_Plateform_04.prefab,Reserve,Architectural alternative; current three-wall window hall and clear portal route retained,276,True,HD_Alpha_02_Norm; HD_Stuff_01_Norm
Assets/Creepy_Cat/3D Scifi Kit Starter Kit_HD/Prefabs/Stairways/Stairway_Plateform_05.prefab,Reserve,Architectural alternative; current three-wall window hall and clear portal route retained,152,True,HD_Alpha_02_Norm; HD_Stuff_01_Norm
Assets/Creepy_Cat/3D Scifi Kit Starter Kit_HD/Prefabs/Stairways/Stairway_Plateform_06.prefab,Reserve,Architectural alternative; current three-wall window hall and clear portal route retained,276,True,HD_Alpha_02_Norm; HD_Stuff_01_Norm
Assets/Creepy_Cat/3D Scifi Kit Starter Kit_HD/Prefabs/Stairways/Stairway_Plateform_07.prefab,Reserve,Architectural alternative; current three-wall window hall and clear portal route retained,523,True,HD_Alpha_02_Norm; HD_Stuff_01_Norm
Assets/Creepy_Cat/3D Scifi Kit Starter Kit_HD/Prefabs/Stairways/Stairway_Plateform_08.prefab,Reserve,Architectural alternative; current three-wall window hall and clear portal route retained,276,True,HD_Alpha_02_Norm; HD_Stuff_01_Norm
Assets/Creepy_Cat/3D Scifi Kit Starter Kit_HD/Prefabs/Stairways/Stairway_Plateform_09.prefab,Reserve,Architectural alternative; current three-wall window hall and clear portal route retained,756,True,HD_Alpha_02_Norm; HD_Stuff_01_Norm
Assets/Creepy_Cat/3D Scifi Kit Starter Kit_HD/Prefabs/Stairways/Stairway_Plateform_10.prefab,Reserve,Architectural alternative; current three-wall window hall and clear portal route retained,396,True,HD_Alpha_02_Norm; HD_Stuff_01_Norm
Assets/Creepy_Cat/3D Scifi Kit Starter Kit_HD/Prefabs/Stairways/Stairway_Plateform_11.prefab,Reserve,Architectural alternative; current three-wall window hall and clear portal route retained,276,True,HD_Alpha_02_Norm; HD_Stuff_01_Norm
Assets/Creepy_Cat/3D Scifi Kit Starter Kit_HD/Prefabs/Stairways/Stairway_Slope_45_01.prefab,Reserve,Architectural alternative; current three-wall window hall and clear portal route retained,276,True,HD_Alpha_02_Norm; HD_Stuff_01_Norm
Assets/Creepy_Cat/3D Scifi Kit Starter Kit_HD/Prefabs/Stairways/Stairway_Step_01.prefab,Reserve,Architectural alternative; current three-wall window hall and clear portal route retained,16,True,HD_Stuff_01_Norm
Assets/Creepy_Cat/3D Scifi Kit Starter Kit_HD/Prefabs/Stuff/Air_Grid_01.prefab,Reserve,"Usable supporting shape; not needed in this pass, avoid visual duplication and indiscriminate filler",70,True,HD_Stuff_01_Norm; Smoke
Assets/Creepy_Cat/3D Scifi Kit Starter Kit_HD/Prefabs/Stuff/Beam_01.prefab,Reserve,"Usable supporting shape; not needed in this pass, avoid visual duplication and indiscriminate filler",110,True,HD_Stuff_01_Norm
Assets/Creepy_Cat/3D Scifi Kit Starter Kit_HD/Prefabs/Stuff/Beam_02.prefab,Reserve,"Usable supporting shape; not needed in this pass, avoid visual duplication and indiscriminate filler",118,True,HD_Stuff_01_Norm
Assets/Creepy_Cat/3D Scifi Kit Starter Kit_HD/Prefabs/Stuff/Beam_03.prefab,Reserve,"Usable supporting shape; not needed in this pass, avoid visual duplication and indiscriminate filler",130,True,HD_Stuff_01_Norm
Assets/Creepy_Cat/3D Scifi Kit Starter Kit_HD/Prefabs/Stuff/Beam_04.prefab,Reserve,"Usable supporting shape; not needed in this pass, avoid visual duplication and indiscriminate filler",32,True,HD_Stuff_01_Norm
Assets/Creepy_Cat/3D Scifi Kit Starter Kit_HD/Prefabs/Stuff/Grid_01.prefab,Reserve,"Usable supporting shape; not needed in this pass, avoid visual duplication and indiscriminate filler",36,True,HD_Alpha_02_Norm
Assets/Creepy_Cat/3D Scifi Kit Starter Kit_HD/Prefabs/Stuff/Intercom_01.prefab,Reserve,"Usable supporting shape; not needed in this pass, avoid visual duplication and indiscriminate filler",34,True,HD_Stuff_04_Norm
Assets/Creepy_Cat/3D Scifi Kit Starter Kit_HD/Prefabs/Stuff/Intercom_02.prefab,Reserve,"Usable supporting shape; not needed in this pass, avoid visual duplication and indiscriminate filler",34,True,HD_Stuff_04_Norm
Assets/Creepy_Cat/3D Scifi Kit Starter Kit_HD/Prefabs/Stuff/Pipes_01.prefab,Selected,Portal service; use shared painted material treatment and measured placement,2042,True,HD_Stuff_01_Norm
Assets/Creepy_Cat/3D Scifi Kit Starter Kit_HD/Prefabs/Stuff/Pipes_02.prefab,Selected,Portal service; use shared painted material treatment and measured placement,1306,True,HD_Stuff_01_Norm
Assets/Creepy_Cat/3D Scifi Kit Starter Kit_HD/Prefabs/Stuff/Pipes_03.prefab,Selected,Portal service; use shared painted material treatment and measured placement,1074,True,HD_Stuff_01_Norm
Assets/Creepy_Cat/3D Scifi Kit Starter Kit_HD/Prefabs/Stuff/Sun.prefab,Not selected,Baked/fake lighting conflicts with dynamic day lighting,8,True,Glow_Low; Glow_Strong; Sun
Assets/Creepy_Cat/3D Scifi Kit Starter Kit_HD/Prefabs/Symbols/Num_0.prefab,Reserve,"Usable supporting shape; not needed in this pass, avoid visual duplication and indiscriminate filler",2,True,HD_Alpha_01_Norm
Assets/Creepy_Cat/3D Scifi Kit Starter Kit_HD/Prefabs/Symbols/Num_1.prefab,Reserve,"Usable supporting shape; not needed in this pass, avoid visual duplication and indiscriminate filler",2,True,HD_Alpha_01_Norm
Assets/Creepy_Cat/3D Scifi Kit Starter Kit_HD/Prefabs/Symbols/Num_2.prefab,Reserve,"Usable supporting shape; not needed in this pass, avoid visual duplication and indiscriminate filler",2,True,HD_Alpha_01_Norm
Assets/Creepy_Cat/3D Scifi Kit Starter Kit_HD/Prefabs/Symbols/Num_3.prefab,Reserve,"Usable supporting shape; not needed in this pass, avoid visual duplication and indiscriminate filler",2,True,HD_Alpha_01_Norm
Assets/Creepy_Cat/3D Scifi Kit Starter Kit_HD/Prefabs/Symbols/Num_4.prefab,Reserve,"Usable supporting shape; not needed in this pass, avoid visual duplication and indiscriminate filler",2,True,HD_Alpha_01_Norm
Assets/Creepy_Cat/3D Scifi Kit Starter Kit_HD/Prefabs/Symbols/Num_5.prefab,Reserve,"Usable supporting shape; not needed in this pass, avoid visual duplication and indiscriminate filler",2,True,HD_Alpha_01_Norm
Assets/Creepy_Cat/3D Scifi Kit Starter Kit_HD/Prefabs/Symbols/Num_6.prefab,Reserve,"Usable supporting shape; not needed in this pass, avoid visual duplication and indiscriminate filler",2,True,HD_Alpha_01_Norm
Assets/Creepy_Cat/3D Scifi Kit Starter Kit_HD/Prefabs/Symbols/Num_7.prefab,Reserve,"Usable supporting shape; not needed in this pass, avoid visual duplication and indiscriminate filler",2,True,HD_Alpha_01_Norm
Assets/Creepy_Cat/3D Scifi Kit Starter Kit_HD/Prefabs/Symbols/Num_8.prefab,Reserve,"Usable supporting shape; not needed in this pass, avoid visual duplication and indiscriminate filler",2,True,HD_Alpha_01_Norm
Assets/Creepy_Cat/3D Scifi Kit Starter Kit_HD/Prefabs/Symbols/Num_9.prefab,Reserve,"Usable supporting shape; not needed in this pass, avoid visual duplication and indiscriminate filler",2,True,HD_Alpha_01_Norm
Assets/Creepy_Cat/3D Scifi Kit Starter Kit_HD/Prefabs/Symbols/Sign_Caution_01.prefab,Conditional,Fixed text/art requires replacement or runtime localisation; avoid duplicate narrative clutter,2,True,HD_Alpha_01_Norm
Assets/Creepy_Cat/3D Scifi Kit Starter Kit_HD/Prefabs/Symbols/Sign_Caution_02.prefab,Conditional,Fixed text/art requires replacement or runtime localisation; avoid duplicate narrative clutter,2,True,HD_Alpha_01_Norm
Assets/Creepy_Cat/3D Scifi Kit Starter Kit_HD/Prefabs/Symbols/Sign_Danger_01.prefab,Conditional,Fixed text/art requires replacement or runtime localisation; avoid duplicate narrative clutter,2,True,HD_Alpha_01_Norm
Assets/Creepy_Cat/3D Scifi Kit Starter Kit_HD/Prefabs/Symbols/Sign_Danger_02.prefab,Conditional,Fixed text/art requires replacement or runtime localisation; avoid duplicate narrative clutter,2,True,HD_Alpha_01_Norm
Assets/Creepy_Cat/3D Scifi Kit Starter Kit_HD/Prefabs/Symbols/Symb_Arrow.prefab,Reserve,"Usable supporting shape; not needed in this pass, avoid visual duplication and indiscriminate filler",2,True,HD_Alpha_01_Norm
Assets/Creepy_Cat/3D Scifi Kit Starter Kit_HD/Prefabs/Symbols/Word_Area.prefab,Conditional,Fixed text/art requires replacement or runtime localisation; avoid duplicate narrative clutter,2,True,HD_Alpha_01_Norm
Assets/Creepy_Cat/3D Scifi Kit Starter Kit_HD/Prefabs/Symbols/Word_Deck.prefab,Conditional,Fixed text/art requires replacement or runtime localisation; avoid duplicate narrative clutter,2,True,HD_Alpha_01_Norm
Assets/Creepy_Cat/3D Scifi Kit Starter Kit_HD/Prefabs/Symbols/Word_Exit.prefab,Conditional,Fixed text/art requires replacement or runtime localisation; avoid duplicate narrative clutter,2,True,HD_Alpha_01_Norm
Assets/Creepy_Cat/3D Scifi Kit Starter Kit_HD/Prefabs/Symbols/Word_Lab.prefab,Conditional,Fixed text/art requires replacement or runtime localisation; avoid duplicate narrative clutter,2,True,HD_Alpha_01_Norm
Assets/Creepy_Cat/3D Scifi Kit Starter Kit_HD/Prefabs/Symbols/Word_Level.prefab,Conditional,Fixed text/art requires replacement or runtime localisation; avoid duplicate narrative clutter,2,True,HD_Alpha_01_Norm
Assets/Creepy_Cat/3D Scifi Kit Starter Kit_HD/Prefabs/Symbols/Word_Tech.prefab,Conditional,Fixed text/art requires replacement or runtime localisation; avoid duplicate narrative clutter,2,True,HD_Alpha_01_Norm
Assets/Creepy_Cat/3D Scifi Kit Starter Kit_HD/Prefabs/Symbols/Word_Warning.prefab,Conditional,Fixed text/art requires replacement or runtime localisation; avoid duplicate narrative clutter,2,True,HD_Alpha_01_Norm
Assets/Creepy_Cat/3D Scifi Kit Starter Kit_HD/Prefabs/Symbols/Word_Zone.prefab,Conditional,Fixed text/art requires replacement or runtime localisation; avoid duplicate narrative clutter,2,True,HD_Alpha_01_Norm
Assets/Creepy_Cat/3D Scifi Kit Starter Kit_HD/Prefabs/Walls/Column_01_Big.prefab,Reserve,"Usable supporting shape; not needed in this pass, avoid visual duplication and indiscriminate filler",292,True,HD_Wall_03_Norm
Assets/Creepy_Cat/3D Scifi Kit Starter Kit_HD/Prefabs/Walls/Porthole_01_Long.prefab,Reserve,"Usable supporting shape; not needed in this pass, avoid visual duplication and indiscriminate filler",312,True,HD_Wall_12_Norm; Glass
Assets/Creepy_Cat/3D Scifi Kit Starter Kit_HD/Prefabs/Walls/Wall_Bed_01.prefab,Not selected,"Conflicts with current functional-office scope, digital clock, or removal of historical clutter",301,True,HD_Stuff_03_Norm
Assets/Creepy_Cat/3D Scifi Kit Starter Kit_HD/Prefabs/Walls/Wall_Console_01_Half.prefab,Selected,Portal service; use shared painted material treatment and measured placement,238,True,HD_Stuff_02_Norm; HUD_Screen_02
Assets/Creepy_Cat/3D Scifi Kit Starter Kit_HD/Prefabs/Walls/Wall_Console_01_Large.prefab,Reserve,Architectural alternative; current three-wall window hall and clear portal route retained,478,True,HD_Stuff_02_Norm; HUD_Screen_01; HUD_Screen_02
Assets/Creepy_Cat/3D Scifi Kit Starter Kit_HD/Prefabs/Walls/Wall_Cube_01_Coin.prefab,Reserve,Architectural alternative; current three-wall window hall and clear portal route retained,37,True,HD_Wall_02_Norm
Assets/Creepy_Cat/3D Scifi Kit Starter Kit_HD/Prefabs/Walls/Wall_Cube_01_Flat.prefab,Reserve,Architectural alternative; current three-wall window hall and clear portal route retained,10,True,HD_Wall_02_Norm
Assets/Creepy_Cat/3D Scifi Kit Starter Kit_HD/Prefabs/Walls/Wall_Cube_01_Invert.prefab,Reserve,Architectural alternative; current three-wall window hall and clear portal route retained,68,True,HD_Wall_02_Norm; HD_Wall_03_Norm; HD_Wall_04_Norm
Assets/Creepy_Cat/3D Scifi Kit Starter Kit_HD/Prefabs/Walls/Wall_Cube_01_Long.prefab,Reserve,Architectural alternative; current three-wall window hall and clear portal route retained,26,True,HD_Wall_02_Norm; HD_Wall_04_Norm
Assets/Creepy_Cat/3D Scifi Kit Starter Kit_HD/Prefabs/Walls/Wall_Cube_01_Round.prefab,Selected,Portal service; use shared painted material treatment and measured placement,68,True,HD_Wall_02_Norm; HD_Wall_04_Norm
Assets/Creepy_Cat/3D Scifi Kit Starter Kit_HD/Prefabs/Walls/Wall_Cube_01_Thin.prefab,Reserve,Architectural alternative; current three-wall window hall and clear portal route retained,26,True,HD_Wall_03_Norm; HD_Wall_04_Norm
Assets/Creepy_Cat/3D Scifi Kit Starter Kit_HD/Prefabs/Walls/Wall_Cube_02_Flat.prefab,Reserve,Architectural alternative; current three-wall window hall and clear portal route retained,10,True,HD_Wall_02_Norm; HD_Wall_04_Norm
Assets/Creepy_Cat/3D Scifi Kit Starter Kit_HD/Prefabs/Walls/Wall_Down_01_Long.prefab,Reserve,Architectural alternative; current three-wall window hall and clear portal route retained,48,True,HD_Wall_01_Norm; HD_Wall_02_Norm; HD_Wall_05_Norm; HD_Wall_07_Norm
Assets/Creepy_Cat/3D Scifi Kit Starter Kit_HD/Prefabs/Walls/Wall_Gear_01_Half.prefab,Selected,Portal service; use shared painted material treatment and measured placement,372,True,HD_Alpha_01_Norm; HD_Stuff_03_Norm
Assets/Creepy_Cat/3D Scifi Kit Starter Kit_HD/Prefabs/Walls/Wall_Gear_02_Half.prefab,Reserve,Architectural alternative; current three-wall window hall and clear portal route retained,610,True,HD_Stuff_03_Norm
Assets/Creepy_Cat/3D Scifi Kit Starter Kit_HD/Prefabs/Walls/Wall_Gear_03_Half.prefab,Selected,Portal service; use shared painted material treatment and measured placement,96,True,HD_Stuff_03_Norm
Assets/Creepy_Cat/3D Scifi Kit Starter Kit_HD/Prefabs/Walls/Wall_Inclined_01_Coin.prefab,Reserve,Architectural alternative; current three-wall window hall and clear portal route retained,58,True,HD_Wall_06_Norm
Assets/Creepy_Cat/3D Scifi Kit Starter Kit_HD/Prefabs/Walls/Wall_Inclined_01_CoinLeft.prefab,Reserve,Architectural alternative; current three-wall window hall and clear portal route retained,90,True,HD_Wall_01_Norm; HD_Wall_02_Norm; HD_Wall_08_Norm; HD_Wall_10_Norm
Assets/Creepy_Cat/3D Scifi Kit Starter Kit_HD/Prefabs/Walls/Wall_Inclined_01_CoinLeft_Half.prefab,Reserve,Architectural alternative; current three-wall window hall and clear portal route retained,90,True,HD_Wall_04_Norm; HD_Wall_06_Norm; HD_Wall_09_Norm
Assets/Creepy_Cat/3D Scifi Kit Starter Kit_HD/Prefabs/Walls/Wall_Inclined_01_CoinRight.prefab,Reserve,Architectural alternative; current three-wall window hall and clear portal route retained,90,True,HD_Wall_01_Norm; HD_Wall_02_Norm; HD_Wall_08_Norm; HD_Wall_10_Norm
Assets/Creepy_Cat/3D Scifi Kit Starter Kit_HD/Prefabs/Walls/Wall_Inclined_01_CoinRight_Half.prefab,Reserve,Architectural alternative; current three-wall window hall and clear portal route retained,90,True,HD_Wall_04_Norm; HD_Wall_06_Norm; HD_Wall_09_Norm
Assets/Creepy_Cat/3D Scifi Kit Starter Kit_HD/Prefabs/Walls/Wall_Inclined_01_Half.prefab,Reserve,Architectural alternative; current three-wall window hall and clear portal route retained,90,True,HD_Wall_04_Norm; HD_Wall_06_Norm; HD_Wall_09_Norm
Assets/Creepy_Cat/3D Scifi Kit Starter Kit_HD/Prefabs/Walls/Wall_Inclined_01_Long.prefab,Reserve,Architectural alternative; current three-wall window hall and clear portal route retained,90,True,HD_Wall_01_Norm; HD_Wall_02_Norm; HD_Wall_06_Norm; HD_Wall_08_Norm
Assets/Creepy_Cat/3D Scifi Kit Starter Kit_HD/Prefabs/Walls/Wall_Inclined_02_Coin.prefab,Reserve,Architectural alternative; current three-wall window hall and clear portal route retained,316,True,HD_Wall_02_Norm; HD_Wall_08_Norm; HD_Wall_10_Norm
Assets/Creepy_Cat/3D Scifi Kit Starter Kit_HD/Prefabs/Walls/Wall_Inclined_02_CoinLeft.prefab,Reserve,Architectural alternative; current three-wall window hall and clear portal route retained,330,True,HD_Wall_01_Norm; HD_Wall_08_Norm; HD_Wall_10_Norm; Glass
Assets/Creepy_Cat/3D Scifi Kit Starter Kit_HD/Prefabs/Walls/Wall_Inclined_02_CoinRight.prefab,Reserve,Architectural alternative; current three-wall window hall and clear portal route retained,330,True,HD_Wall_01_Norm; HD_Wall_08_Norm; HD_Wall_10_Norm; Glass
Assets/Creepy_Cat/3D Scifi Kit Starter Kit_HD/Prefabs/Walls/Wall_Inclined_02_Long.prefab,Reserve,Architectural alternative; current three-wall window hall and clear portal route retained,330,True,HD_Wall_01_Norm; HD_Wall_02_Norm; HD_Wall_06_Norm; HD_Wall_08_Norm; Glass
Assets/Creepy_Cat/3D Scifi Kit Starter Kit_HD/Prefabs/Walls/Wall_Pipes_01_Large.prefab,Reserve,Architectural alternative; current three-wall window hall and clear portal route retained,2430,True,HD_Alpha_01_Norm; HD_Stuff_01_Norm
Assets/Creepy_Cat/3D Scifi Kit Starter Kit_HD/Prefabs/Walls/Wall_Pipes_02_Large.prefab,Reserve,Architectural alternative; current three-wall window hall and clear portal route retained,2758,True,HD_Alpha_01_Norm; HD_Stuff_01_Norm
Assets/Creepy_Cat/3D Scifi Kit Starter Kit_HD/Prefabs/Walls/Wall_Simple_01_Coin.prefab,Reserve,Architectural alternative; current three-wall window hall and clear portal route retained,294,True,HD_Wall_02_Norm
Assets/Creepy_Cat/3D Scifi Kit Starter Kit_HD/Prefabs/Walls/Wall_Simple_01_Half.prefab,Reserve,Architectural alternative; current three-wall window hall and clear portal route retained,72,True,HD_Wall_02_Norm; HD_Wall_04_Norm
Assets/Creepy_Cat/3D Scifi Kit Starter Kit_HD/Prefabs/Walls/Wall_Simple_01_InvertCoin.prefab,Reserve,Architectural alternative; current three-wall window hall and clear portal route retained,296,True,HD_Wall_02_Norm; HD_Wall_03_Norm; HD_Wall_04_Norm
Assets/Creepy_Cat/3D Scifi Kit Starter Kit_HD/Prefabs/Walls/Wall_Simple_01_Long.prefab,Reserve,Architectural alternative; current three-wall window hall and clear portal route retained,72,True,HD_Wall_01_Norm; HD_Wall_02_Norm
Assets/Creepy_Cat/3D Scifi Kit Starter Kit_HD/Prefabs/Walls/Wall_Simple_01_Squared.prefab,Reserve,Architectural alternative; current three-wall window hall and clear portal route retained,72,True,HD_Wall_02_Norm; HD_Wall_03_Norm; HD_Wall_04_Norm
Assets/Creepy_Cat/3D Scifi Kit Starter Kit_HD/Prefabs/Walls/Wall_Simple_01_TurnLarge_90.prefab,Reserve,Architectural alternative; current three-wall window hall and clear portal route retained,1554,True,HD_Wall_01_Norm; HD_Wall_02_Norm
Assets/Creepy_Cat/3D Scifi Kit Starter Kit_HD/Prefabs/Walls/Wall_Simple_01_TurnShort_90.prefab,Reserve,Architectural alternative; current three-wall window hall and clear portal route retained,718,True,HD_Wall_01_Norm; HD_Wall_02_Norm
Assets/Creepy_Cat/3D Scifi Kit Starter Kit_HD/Prefabs/Walls/Wall_Simple_02_Long.prefab,Reserve,Architectural alternative; current three-wall window hall and clear portal route retained,72,True,HD_Wall_01_Norm; HD_Wall_02_Norm; HD_Wall_03_Norm
Assets/Creepy_Cat/3D Scifi Kit Starter Kit_HD/Prefabs/Walls/Wall_Simple_03_Long.prefab,Reserve,Architectural alternative; current three-wall window hall and clear portal route retained,72,True,HD_Wall_01_Norm; HD_Wall_02_Norm; HD_Wall_03_Norm
Assets/Creepy_Cat/3D Scifi Kit Starter Kit_HD/Prefabs/Walls/Wall_Simple_04_Long.prefab,Reserve,Architectural alternative; current three-wall window hall and clear portal route retained,344,True,HD_Wall_01_Norm; HD_Wall_02_Norm; Glass
Assets/Creepy_Cat/3D Scifi Kit Starter Kit_HD/Prefabs/Walls/Wall_Simple_05_Long.prefab,Reserve,Architectural alternative; current three-wall window hall and clear portal route retained,476,True,HD_Wall_01_Norm; HD_Wall_02_Norm; HD_Wall_11_Norm
Assets/Creepy_Cat/3D Scifi Kit Starter Kit_HD/Prefabs/Walls/Wall_Table_01.prefab,Selected,Technical support; use shared painted material treatment and measured placement,232,True,HD_Stuff_03_Norm
Assets/Creepy_Cat/3D Scifi Kit Starter Kit_HD/Prefabs/Walls/Wall_Up_01_Long.prefab,Reserve,Architectural alternative; current three-wall window hall and clear portal route retained,46,True,HD_Wall_01_Norm; HD_Wall_02_Norm; HD_Wall_05_Norm; HD_Wall_07_Norm
Assets/Creepy_Cat/3D Scifi Kit Starter Kit_HD/Your_Hown_Prefabs/Corridor_Test_01.prefab,Reserve,"Usable supporting shape; not needed in this pass, avoid visual duplication and indiscriminate filler",778,True,HD_Floor_01_Norm; HD_Wall_01_Norm; HD_Wall_02_Norm; HD_Wall_03_Norm
Assets/Creepy_Cat/3D Scifi Kit Starter Kit_HD/Your_Hown_Prefabs/Corridor_Test_02.prefab,Reserve,"Usable supporting shape; not needed in this pass, avoid visual duplication and indiscriminate filler",1954,True,HD_Alpha_02_Norm; HD_Floor_01_Norm; HD_Floor_02_Norm; HD_Stuff_01_Norm; HD_Wall_01_Norm; HD_Wall_02_Norm; HD_Wall_03_Norm
Assets/Creepy_Cat/3D Scifi Kit Starter Kit_HD/Your_Hown_Prefabs/Simple_Column_01.prefab,Reserve,"Usable supporting shape; not needed in this pass, avoid visual duplication and indiscriminate filler",1176,True,HD_Wall_02_Norm
Assets/Creepy_Cat/3D Scifi Kit Starter Kit_HD/Your_Hown_Prefabs/Simple_Room_01.prefab,Reserve,"Usable supporting shape; not needed in this pass, avoid visual duplication and indiscriminate filler",5426,True,HD_Alpha_02_Norm; HD_Floor_01_Norm; HD_Floor_02_Norm; HD_Stuff_01_Norm; HD_Wall_01_Norm; HD_Wall_02_Norm; HD_Wall_03_Norm; HD_Wall_04_Norm; HD_Wall_11_Norm
Assets/Creepy_Cat/3D Scifi Kit Starter Kit_HD/Your_Hown_Prefabs/Simple_Room_02.prefab,Reserve,"Usable supporting shape; not needed in this pass, avoid visual duplication and indiscriminate filler",9314,True,HD_Alpha_02_Norm; HD_Floor_01_Norm; HD_Floor_02_Norm; HD_Stuff_01_Norm; HD_Wall_01_Norm; HD_Wall_02_Norm; HD_Wall_03_Norm; HD_Wall_04_Norm; HD_Wall_11_Norm
Assets/80s_Office/Prefabs/Artwork/Artwork_A.prefab,Not selected,"Conflicts with current functional-office scope, digital clock, or removal of historical clutter",12,True,MI_ArtWork1
Assets/80s_Office/Prefabs/Artwork/Artwork_B.prefab,Not selected,"Conflicts with current functional-office scope, digital clock, or removal of historical clutter",12,True,MI_ArtWork1
Assets/80s_Office/Prefabs/Artwork/Artwork_C.prefab,Not selected,"Conflicts with current functional-office scope, digital clock, or removal of historical clutter",12,True,MI_ArtWork1
Assets/80s_Office/Prefabs/Artwork/Artwork_D.prefab,Not selected,"Conflicts with current functional-office scope, digital clock, or removal of historical clutter",12,True,MI_ArtWork1
Assets/80s_Office/Prefabs/Artwork/Artwork_E.prefab,Not selected,"Conflicts with current functional-office scope, digital clock, or removal of historical clutter",12,True,MI_ArtWork2
Assets/80s_Office/Prefabs/Artwork/Artwork_F.prefab,Not selected,"Conflicts with current functional-office scope, digital clock, or removal of historical clutter",12,True,MI_ArtWork2
Assets/80s_Office/Prefabs/Artwork/Artwork_G.prefab,Not selected,"Conflicts with current functional-office scope, digital clock, or removal of historical clutter",12,True,MI_ArtWork2
Assets/80s_Office/Prefabs/Artwork/Artwork_H.prefab,Not selected,"Conflicts with current functional-office scope, digital clock, or removal of historical clutter",12,True,MI_ArtWork7
Assets/80s_Office/Prefabs/Artwork/Sculpture.prefab,Not selected,"Conflicts with current functional-office scope, digital clock, or removal of historical clutter",8208,True,MI_Sculpture
Assets/80s_Office/Prefabs/Artwork/Sculpture_Combined.prefab,Not selected,"Conflicts with current functional-office scope, digital clock, or removal of historical clutter",11840,True,MI_Sculpture
Assets/80s_Office/Prefabs/Artwork/Sculpture_Cube.prefab,Not selected,"Conflicts with current functional-office scope, digital clock, or removal of historical clutter",216,True,MI_Sculpture
Assets/80s_Office/Prefabs/Artwork/Sculpture_CubeWire.prefab,Not selected,"Conflicts with current functional-office scope, digital clock, or removal of historical clutter",3632,True,MI_Sculpture
Assets/80s_Office/Prefabs/Artwork/Sculpture_RevPyramid.prefab,Not selected,"Conflicts with current functional-office scope, digital clock, or removal of historical clutter",2270,True,MI_Sculpture
Assets/80s_Office/Prefabs/DoorLabels.prefab,Conditional,Fixed text/art requires replacement or runtime localisation; avoid duplicate narrative clutter,0,True,LiberationSans SDF
Assets/80s_Office/Prefabs/Doors/Door_Elevator.prefab,Reserve,Architectural alternative; current three-wall window hall and clear portal route retained,8832,True,MI_ElevatorWalls; MI_Emissive; MI_Steel; MI_Walls; MI_Wood; MI_Wood_DarkBrown
Assets/80s_Office/Prefabs/Doors/Doors.prefab,Reserve,Architectural alternative; current three-wall window hall and clear portal route retained,2172,True,MI_DoorParts; MI_Walls; MI_Wood
Assets/80s_Office/Prefabs/Doors/Doors_Glass.prefab,Reserve,Architectural alternative; current three-wall window hall and clear portal route retained,2080,True,MI_DoorParts; MI_Glass_Dark; MI_Steel
Assets/80s_Office/Prefabs/Doors/Doors_Glass_Double.prefab,Reserve,Architectural alternative; current three-wall window hall and clear portal route retained,3832,True,MI_DoorParts; MI_Glass_Dark; MI_Steel
Assets/80s_Office/Prefabs/Doors/Doors_MetalWithKeylock.prefab,Reserve,Architectural alternative; current three-wall window hall and clear portal route retained,4172,True,MI_DoorParts; MI_KeyLock; MI_Steel; MI_Walls; MI_Wood
Assets/80s_Office/Prefabs/Doors/Doors_WC.prefab,Reserve,Architectural alternative; current three-wall window hall and clear portal route retained,1668,True,MI_Steel; MI_Walls; PlaceHolder_WC_Occupied; PlaceHolder_WC_Unoccupied
Assets/80s_Office/Prefabs/Electronics/Clock.prefab,Not selected,"Conflicts with current functional-office scope, digital clock, or removal of historical clutter",1223,True,MI_Wallclock; MM_Glass
Assets/80s_Office/Prefabs/Electronics/Computer.prefab,Selected,Administration; use shared painted material treatment and measured placement,4416,True,MI_Computer; MI_ComputerScreen
Assets/80s_Office/Prefabs/Electronics/DeskFan.prefab,Reserve,"Usable supporting shape; not needed in this pass, avoid visual duplication and indiscriminate filler",3820,True,MI_Steel; PlaceHolder_Graphite
Assets/80s_Office/Prefabs/Electronics/Fax.prefab,Selected,Administration; use shared painted material treatment and measured placement,6065,True,MI_Fax
Assets/80s_Office/Prefabs/Electronics/FuseBox.prefab,Reserve,"Usable supporting shape; not needed in this pass, avoid visual duplication and indiscriminate filler",391,True,MI_Sockets
Assets/80s_Office/Prefabs/Electronics/Keyboard.prefab,Selected,Administration; use shared painted material treatment and measured placement,4550,True,MI_Keyboard
Assets/80s_Office/Prefabs/Electronics/Keyboard_Cables.prefab,Reserve,"Usable supporting shape; not needed in this pass, avoid visual duplication and indiscriminate filler",5500,True,PlaceHolder_PlasticFrame_Dark
Assets/80s_Office/Prefabs/Electronics/Phone.prefab,Reserve,"Usable supporting shape; not needed in this pass, avoid visual duplication and indiscriminate filler",5204,True,MI_Phone
Assets/80s_Office/Prefabs/Electronics/Projector.prefab,Reserve,"Usable supporting shape; not needed in this pass, avoid visual duplication and indiscriminate filler",2579,True,MI_Projector
Assets/80s_Office/Prefabs/Electronics/Server_A.prefab,Selected,Portal service; use shared painted material treatment and measured placement,1733,True,MI_EmmisiveButtons; MI_Server
Assets/80s_Office/Prefabs/Electronics/Server_B.prefab,Selected,Portal service; use shared painted material treatment and measured placement,1796,True,MI_EmmisiveButtons; MI_Server
Assets/80s_Office/Prefabs/Electronics/Server_C.prefab,Selected,Portal service; use shared painted material treatment and measured placement,31816,True,MI_EmmisiveButtons; MI_Server; PlaceHolder_PlasticFrame_Dark; PlaceHolder_PlasticFrame_Light
Assets/80s_Office/Prefabs/Electronics/TapeRecorder.prefab,Reserve,"Usable supporting shape; not needed in this pass, avoid visual duplication and indiscriminate filler",20848,True,MI_TapeRecorderDetail; MI_TapeRecorderSheet
Assets/80s_Office/Prefabs/Exterior/Exterior_ Decor_Slant.prefab,Reserve,Architectural alternative; current three-wall window hall and clear portal route retained,8,True,MI_Concrete
Assets/80s_Office/Prefabs/Exterior/Exterior_ Decor_SlantCorner.prefab,Reserve,Architectural alternative; current three-wall window hall and clear portal route retained,4,True,MI_Concrete
Assets/80s_Office/Prefabs/Exterior/Exterior_Block_2x5.prefab,Reserve,Architectural alternative; current three-wall window hall and clear portal route retained,2492,True,MI_ConcreteSlab
Assets/80s_Office/Prefabs/Exterior/Exterior_Block_3x5.prefab,Reserve,Architectural alternative; current three-wall window hall and clear portal route retained,3660,True,MI_ConcreteSlab
Assets/80s_Office/Prefabs/Exterior/Exterior_Column_3m.prefab,Reserve,Architectural alternative; current three-wall window hall and clear portal route retained,236,True,MI_ConcreteSlab
Assets/80s_Office/Prefabs/Exterior/Exterior_ColumnRect_3m.prefab,Reserve,Architectural alternative; current three-wall window hall and clear portal route retained,44,True,MI_ConcreteSlab
Assets/80s_Office/Prefabs/Exterior/Exterior_Ledge_1m.prefab,Reserve,Architectural alternative; current three-wall window hall and clear portal route retained,220,True,MI_Concrete
Assets/80s_Office/Prefabs/Exterior/Exterior_Ledge_3m.prefab,Reserve,Architectural alternative; current three-wall window hall and clear portal route retained,220,True,MI_Concrete
Assets/80s_Office/Prefabs/Exterior/Exterior_Ledge_9m.prefab,Reserve,Architectural alternative; current three-wall window hall and clear portal route retained,592,True,MI_Concrete
Assets/80s_Office/Prefabs/Exterior/Exterior_Ledge_CornerInner.prefab,Reserve,Architectural alternative; current three-wall window hall and clear portal route retained,376,True,MI_Concrete
Assets/80s_Office/Prefabs/Exterior/Exterior_Ledge_CornerOuter.prefab,Reserve,Architectural alternative; current three-wall window hall and clear portal route retained,412,True,MI_Concrete
Assets/80s_Office/Prefabs/Exterior/Exterior_Slab_3m.prefab,Reserve,Architectural alternative; current three-wall window hall and clear portal route retained,44,True,MI_ConcreteSlab
Assets/80s_Office/Prefabs/Exterior/Exterior_Stairs_3m.prefab,Reserve,Architectural alternative; current three-wall window hall and clear portal route retained,192,True,MI_ConcreteSlab
Assets/80s_Office/Prefabs/Exterior/Exterior_Stairs_9m.prefab,Reserve,Architectural alternative; current three-wall window hall and clear portal route retained,358,True,MI_ConcreteSlab
Assets/80s_Office/Prefabs/Exterior/Exterior_Wall_ 1x3m.prefab,Reserve,Architectural alternative; current three-wall window hall and clear portal route retained,12,True,MI_Concrete
Assets/80s_Office/Prefabs/Exterior/Exterior_Wall_ 30cm.prefab,Reserve,Architectural alternative; current three-wall window hall and clear portal route retained,12,True,MI_Concrete
Assets/80s_Office/Prefabs/Exterior/Exterior_Wall_ 3x3m.prefab,Reserve,Architectural alternative; current three-wall window hall and clear portal route retained,12,True,MI_Concrete
Assets/80s_Office/Prefabs/Exterior/Exterior_Window_3m.prefab,Reserve,Architectural alternative; current three-wall window hall and clear portal route retained,32,True,MI_Concrete
Assets/80s_Office/Prefabs/Exterior/Exterior_Window_Small.prefab,Reserve,Architectural alternative; current three-wall window hall and clear portal route retained,52,True,MI_Concrete
Assets/80s_Office/Prefabs/Exterior/Exterior_Window_Small_Extrusions.prefab,Reserve,Architectural alternative; current three-wall window hall and clear portal route retained,190,True,MI_Concrete
Assets/80s_Office/Prefabs/Exterior/ExteriorBlock.prefab,Reserve,Architectural alternative; current three-wall window hall and clear portal route retained,12,True,MI_Concrete
Assets/80s_Office/Prefabs/Exterior/ExteriorBlock1.prefab,Reserve,Architectural alternative; current three-wall window hall and clear portal route retained,412,True,MI_ConcreteSlab
Assets/80s_Office/Prefabs/Exterior/ExteriorBlock2.prefab,Reserve,Architectural alternative; current three-wall window hall and clear portal route retained,6108,True,MI_ConcreteSlab
Assets/80s_Office/Prefabs/Exterior/ExteriorBlock3.prefab,Reserve,Architectural alternative; current three-wall window hall and clear portal route retained,52,True,MI_ConcreteRidges
Assets/80s_Office/Prefabs/Exterior/ExteriorBlock4.prefab,Reserve,Architectural alternative; current three-wall window hall and clear portal route retained,344,True,MI_ConcreteSlab
Assets/80s_Office/Prefabs/Exterior/ExteriorBlock5.prefab,Reserve,Architectural alternative; current three-wall window hall and clear portal route retained,7236,True,MI_ConcreteSlab; MI_Windows
Assets/80s_Office/Prefabs/Exterior/ExteriorBlock_1m.prefab,Reserve,Architectural alternative; current three-wall window hall and clear portal route retained,44,True,MI_ConcreteSlab
Assets/80s_Office/Prefabs/Exterior/ExteriorBlock_3m.prefab,Reserve,Architectural alternative; current three-wall window hall and clear portal route retained,44,True,MI_ConcreteSlab
Assets/80s_Office/Prefabs/Exterior/ExteriorBlock_9m.prefab,Reserve,Architectural alternative; current three-wall window hall and clear portal route retained,44,True,MI_ConcreteSlab
Assets/80s_Office/Prefabs/Exterior/ExteriorBlock_Pillar.prefab,Reserve,Architectural alternative; current three-wall window hall and clear portal route retained,28,True,MI_Concrete
Assets/80s_Office/Prefabs/Exterior/ExteriorBlock_Square.prefab,Reserve,Architectural alternative; current three-wall window hall and clear portal route retained,12,True,MI_Concrete
Assets/80s_Office/Prefabs/FakeVolumetricCone.prefab,Not selected,Baked/fake lighting conflicts with dynamic day lighting,352,True,MI_FakeVolumetrics
Assets/80s_Office/Prefabs/Furniture/BookShelf.prefab,Conditional,Fixed text/art requires replacement or runtime localisation; avoid duplicate narrative clutter,1196,True,MI_BookShelf
Assets/80s_Office/Prefabs/Furniture/Carpet.prefab,Reserve,"Usable supporting shape; not needed in this pass, avoid visual duplication and indiscriminate filler",130,True,MI_Carpet_Rect
Assets/80s_Office/Prefabs/Furniture/Cupboard.prefab,Reserve,"Usable supporting shape; not needed in this pass, avoid visual duplication and indiscriminate filler",52,True,MI_Wood_DarkBrown
Assets/80s_Office/Prefabs/Furniture/Cupboard_Tall.prefab,Reserve,"Usable supporting shape; not needed in this pass, avoid visual duplication and indiscriminate filler",98,True,MI_BookShelf
Assets/80s_Office/Prefabs/Furniture/FileCabinets.prefab,Reserve,"Usable supporting shape; not needed in this pass, avoid visual duplication and indiscriminate filler",1454,True,MI_FileCabinets
Assets/80s_Office/Prefabs/Furniture/LoungeChair.prefab,Reserve,"Usable supporting shape; not needed in this pass, avoid visual duplication and indiscriminate filler",1516,True,MI_LoungeChair
Assets/80s_Office/Prefabs/Furniture/LoungeTable.prefab,Selected,Waiting area; use shared painted material treatment and measured placement,1696,True,MI_LoungeTable
Assets/80s_Office/Prefabs/Furniture/LoungeTable2.prefab,Reserve,"Usable supporting shape; not needed in this pass, avoid visual duplication and indiscriminate filler",2920,True,MI_Solid; MI_Wood
Assets/80s_Office/Prefabs/Furniture/OfficeChair.prefab,Reserve,"Usable supporting shape; not needed in this pass, avoid visual duplication and indiscriminate filler",9622,True,MI_ChairOffice
Assets/80s_Office/Prefabs/Furniture/OfficeChair_Simple.prefab,Selected,Waiting area; use shared painted material treatment and measured placement,4816,True,MI_ChairSimple
Assets/80s_Office/Prefabs/Furniture/OfficeCupboard.prefab,Reserve,"Usable supporting shape; not needed in this pass, avoid visual duplication and indiscriminate filler",2336,True,MI_BookShelf; MI_Wood_DarkBrown
Assets/80s_Office/Prefabs/Furniture/OfficeCupboardTall.prefab,Reserve,"Usable supporting shape; not needed in this pass, avoid visual duplication and indiscriminate filler",2382,True,MI_BookShelf
Assets/80s_Office/Prefabs/Furniture/Sofa.prefab,Selected,Waiting area; use shared painted material treatment and measured placement,1868,True,MI_Sofa
Assets/80s_Office/Prefabs/Furniture/Sofa_Chair.prefab,Reserve,"Usable supporting shape; not needed in this pass, avoid visual duplication and indiscriminate filler",1992,True,MI_Sofa
Assets/80s_Office/Prefabs/Furniture/Sofa_Large.prefab,Reserve,"Usable supporting shape; not needed in this pass, avoid visual duplication and indiscriminate filler",3624,True,MI_Sofa
Assets/80s_Office/Prefabs/Furniture/Sofa_Pillow.prefab,Reserve,"Usable supporting shape; not needed in this pass, avoid visual duplication and indiscriminate filler",336,True,MI_Sofa
Assets/80s_Office/Prefabs/Furniture/Sofa_Pillow_Curved.prefab,Reserve,"Usable supporting shape; not needed in this pass, avoid visual duplication and indiscriminate filler",336,True,MI_Sofa
Assets/80s_Office/Prefabs/Furniture/Table_Boss.prefab,Reserve,"Usable supporting shape; not needed in this pass, avoid visual duplication and indiscriminate filler",1752,True,MI_WorkTable
Assets/80s_Office/Prefabs/Furniture/Table_Conference.prefab,Reserve,"Usable supporting shape; not needed in this pass, avoid visual duplication and indiscriminate filler",984,True,MI_WorkTable
Assets/80s_Office/Prefabs/Furniture/Table_Office.prefab,Reserve,"Usable supporting shape; not needed in this pass, avoid visual duplication and indiscriminate filler",1746,True,MI_WorkTable
Assets/80s_Office/Prefabs/Furniture/Table_Reception.prefab,Reserve,"Usable supporting shape; not needed in this pass, avoid visual duplication and indiscriminate filler",190,True,MI_WorkTable
Assets/80s_Office/Prefabs/Furniture/Whiteboard_Tripod.prefab,Selected,Waiting area; use shared painted material treatment and measured placement,388,True,MI_Tripod
Assets/80s_Office/Prefabs/Label.prefab,Conditional,Fixed text/art requires replacement or runtime localisation; avoid duplicate narrative clutter,2,True,MI_Data
Assets/80s_Office/Prefabs/Lamps/Lamp_Ceiling_Round.prefab,Reserve,Architectural alternative; current three-wall window hall and clear portal route retained,596,True,MI_Emissive; MI_Steel
Assets/80s_Office/Prefabs/Lamps/Lamp_Desk.prefab,Reserve,"Usable supporting shape; not needed in this pass, avoid visual duplication and indiscriminate filler",2776,True,MI_LampDesk
Assets/80s_Office/Prefabs/Lamps/Lamp_Standing.prefab,Reserve,"Usable supporting shape; not needed in this pass, avoid visual duplication and indiscriminate filler",3710,True,MI_LampStanding
Assets/80s_Office/Prefabs/Lamps/Lamp_Standing_Curved.prefab,Reserve,"Usable supporting shape; not needed in this pass, avoid visual duplication and indiscriminate filler",4294,True,MI_LampStanding
Assets/80s_Office/Prefabs/Lamps/Lamp_Wall_Cube.prefab,Reserve,"Usable supporting shape; not needed in this pass, avoid visual duplication and indiscriminate filler",398,True,PlaceHolder_PlasticFrame_Dark
Assets/80s_Office/Prefabs/Plants/Plant_1.prefab,Selected,Waiting area; use shared painted material treatment and measured placement,1812,True,MI_OfficePlant1; MI_Pots; MI_soil
Assets/80s_Office/Prefabs/Plants/Plant_2.prefab,Selected,Administration; use shared painted material treatment and measured placement,2539,True,MI_OfficePlant2; MI_Pots; MI_soil
Assets/80s_Office/Prefabs/Plants/PotA.prefab,Selected,Clerk desk; use shared painted material treatment and measured placement,1812,True,MI_OfficePlant1; MI_Pots; MI_soil
Assets/80s_Office/Prefabs/Plants/PotB.prefab,Reserve,"Usable supporting shape; not needed in this pass, avoid visual duplication and indiscriminate filler",2027,True,MI_OfficePlant2; MI_Pots; MI_soil
Assets/80s_Office/Prefabs/Plants/PotC.prefab,Reserve,"Usable supporting shape; not needed in this pass, avoid visual duplication and indiscriminate filler",3962,True,MI_OfficePlant1; MI_Pots; MI_soil
Assets/80s_Office/Prefabs/Setpiece/OfficeTableGroup.prefab,Reserve,Architectural alternative; current three-wall window hall and clear portal route retained,103588,True,MI_ChairOffice; MI_Computer; MI_ComputerScreen; MI_Keyboard; MI_LampDesk; MI_WorkTable; PlaceHolder_PlasticFrame_Dark; PlaceHolder_Wire_Aged
Assets/80s_Office/Prefabs/Setpiece/Serveroom.prefab,Reserve,Architectural alternative; current three-wall window hall and clear portal route retained,572769,True,MI_Carpet; MI_Ceilings; MI_DoorParts; MI_Emissive; MI_EmmisiveButtons; MI_Glass_Dark; MI_KeyLock; MI_OfficePlant1; MI_Pots; MI_Server; MI_Sockets; MI_soil; MI_Steel; MI_Wallclock; MI_Walls; MI_Wood; MM_Glass; PlaceHolder_PlasticFrame_Dark; PlaceHolder_PlasticFrame_Light
Assets/80s_Office/Prefabs/Stairs/Stair.prefab,Reserve,Architectural alternative; current three-wall window hall and clear portal route retained,912,True,MI_Concrete; MI_Steel; MI_Wood
Assets/80s_Office/Prefabs/Stairs/Stair_End.prefab,Reserve,Architectural alternative; current three-wall window hall and clear portal route retained,144,True,MI_Concrete; MI_Wood
Assets/80s_Office/Prefabs/Stairs/Stair_Start.prefab,Reserve,Architectural alternative; current three-wall window hall and clear portal route retained,144,True,MI_Concrete; MI_Wood
Assets/80s_Office/Prefabs/Switches/Socket_A.prefab,Reserve,"Usable supporting shape; not needed in this pass, avoid visual duplication and indiscriminate filler",510,True,MI_Sockets
Assets/80s_Office/Prefabs/Switches/Socket_B.prefab,Reserve,"Usable supporting shape; not needed in this pass, avoid visual duplication and indiscriminate filler",452,True,MI_Sockets
Assets/80s_Office/Prefabs/Switches/Switch_A.prefab,Reserve,"Usable supporting shape; not needed in this pass, avoid visual duplication and indiscriminate filler",266,True,MI_Sockets
Assets/80s_Office/Prefabs/Switches/Switch_A_Tripple.prefab,Reserve,"Usable supporting shape; not needed in this pass, avoid visual duplication and indiscriminate filler",676,True,MI_Sockets
Assets/80s_Office/Prefabs/Switches/Switch_B.prefab,Reserve,"Usable supporting shape; not needed in this pass, avoid visual duplication and indiscriminate filler",190,True,MI_Sockets
Assets/80s_Office/Prefabs/Switches/Switch_C.prefab,Reserve,"Usable supporting shape; not needed in this pass, avoid visual duplication and indiscriminate filler",586,True,MI_Sockets
Assets/80s_Office/Prefabs/TableProps/Book.prefab,Conditional,Fixed text/art requires replacement or runtime localisation; avoid duplicate narrative clutter,230,True,MI_Decals_Advice; PlaceHolder_BookCover; PlaceHolder_Paper
Assets/80s_Office/Prefabs/TableProps/Eraser_A.prefab,Reserve,"Usable supporting shape; not needed in this pass, avoid visual duplication and indiscriminate filler",44,True,PlaceHolder_Eraser
Assets/80s_Office/Prefabs/TableProps/Eraser_B.prefab,Reserve,"Usable supporting shape; not needed in this pass, avoid visual duplication and indiscriminate filler",128,True,MI_StapleBox; PlaceHolder_Eraser
Assets/80s_Office/Prefabs/TableProps/Journal.prefab,Conditional,Fixed text/art requires replacement or runtime localisation; avoid duplicate narrative clutter,84,True,MI_Journal_Artsy
Assets/80s_Office/Prefabs/TableProps/Mug.prefab,Reserve,"Usable supporting shape; not needed in this pass, avoid visual duplication and indiscriminate filler",1344,True,MI_CoffeeMug
Assets/80s_Office/Prefabs/TableProps/NewtonsCradle.prefab,Not selected,"Conflicts with current functional-office scope, digital clock, or removal of historical clutter",1580,True,PlaceHolder; PlaceHolder_Chrome
Assets/80s_Office/Prefabs/TableProps/OfficeKeys.prefab,Selected,Clerk desk; use shared painted material treatment and measured placement,1972,True,MI_Steel
Assets/80s_Office/Prefabs/TableProps/PaperPile.prefab,Selected,Waiting area; use shared painted material treatment and measured placement,104,True,PlaceHolder_Paper
Assets/80s_Office/Prefabs/TableProps/PaperSheet.prefab,Reserve,"Usable supporting shape; not needed in this pass, avoid visual duplication and indiscriminate filler",60,True,PlaceHolder_Paper
Assets/80s_Office/Prefabs/TableProps/Pen.prefab,Reserve,"Usable supporting shape; not needed in this pass, avoid visual duplication and indiscriminate filler",382,True,PlaceHolder_Chrome; PlaceHolder_Pen
Assets/80s_Office/Prefabs/TableProps/Pencil_A.prefab,Reserve,"Usable supporting shape; not needed in this pass, avoid visual duplication and indiscriminate filler",94,True,MI_Pencil; PlaceHolder_Graphite
Assets/80s_Office/Prefabs/TableProps/Pencil_B.prefab,Reserve,"Usable supporting shape; not needed in this pass, avoid visual duplication and indiscriminate filler",360,True,MI_Pencil; PlaceHolder_Chrome; PlaceHolder_Eraser; PlaceHolder_Graphite
Assets/80s_Office/Prefabs/TableProps/PenHolder.prefab,Reserve,"Usable supporting shape; not needed in this pass, avoid visual duplication and indiscriminate filler",2598,True,MI_Pencil; PlaceHolder_Chrome; PlaceHolder_Eraser; PlaceHolder_Graphite; PlaceHolder_Pen
Assets/80s_Office/Prefabs/TableProps/Stapler.prefab,Selected,Clerk desk; use shared painted material treatment and measured placement,1030,True,PlaceHolder; PlaceHolder_Chrome
Assets/80s_Office/Prefabs/TableProps/StaplerBox_Closed.prefab,Reserve,"Usable supporting shape; not needed in this pass, avoid visual duplication and indiscriminate filler",298,True,MI_StapleBox
Assets/80s_Office/Prefabs/TableProps/StaplerBox_Open.prefab,Reserve,"Usable supporting shape; not needed in this pass, avoid visual duplication and indiscriminate filler",472,True,MI_StapleBox
Assets/80s_Office/Prefabs/Tile.prefab,Reserve,"Usable supporting shape; not needed in this pass, avoid visual duplication and indiscriminate filler",2,True,MI_Carpet
Assets/80s_Office/Prefabs/Utilities/Utilities_Bucket.prefab,Reserve,"Usable supporting shape; not needed in this pass, avoid visual duplication and indiscriminate filler",620,True,MI_Props
Assets/80s_Office/Prefabs/Utilities/Utilities_Trashcan.prefab,Reserve,"Usable supporting shape; not needed in this pass, avoid visual duplication and indiscriminate filler",232,True,MI_Props
Assets/80s_Office/Prefabs/Utilities/Utilities_WetFloor.prefab,Reserve,"Usable supporting shape; not needed in this pass, avoid visual duplication and indiscriminate filler",244,True,MI_Props
Assets/80s_Office/Prefabs/WallGreebles/FireAlarm_A.prefab,Reserve,"Usable supporting shape; not needed in this pass, avoid visual duplication and indiscriminate filler",1762,True,MI_Emissive; MI_FireAlarm
Assets/80s_Office/Prefabs/WallGreebles/FireAlarm_B.prefab,Reserve,"Usable supporting shape; not needed in this pass, avoid visual duplication and indiscriminate filler",660,True,MI_FireAlarm
Assets/80s_Office/Prefabs/WallGreebles/FireExtinguisher.prefab,Selected,Portal service; use shared painted material treatment and measured placement,2302,True,MI_FireExtinguisher
Assets/80s_Office/Prefabs/WallGreebles/Logo.prefab,Conditional,Fixed text/art requires replacement or runtime localisation; avoid duplicate narrative clutter,5380,True,MI_Wood_DarkBrown
Assets/80s_Office/Prefabs/WallGreebles/Mirror.prefab,Reserve,"Usable supporting shape; not needed in this pass, avoid visual duplication and indiscriminate filler",12,True,Mirror
Assets/80s_Office/Prefabs/WallGreebles/Socket_A.prefab,Reserve,"Usable supporting shape; not needed in this pass, avoid visual duplication and indiscriminate filler",510,True,MI_Sockets
Assets/80s_Office/Prefabs/WallGreebles/Socket_B.prefab,Reserve,"Usable supporting shape; not needed in this pass, avoid visual duplication and indiscriminate filler",452,True,MI_Sockets
Assets/80s_Office/Prefabs/WallGreebles/Speaker.prefab,Reserve,"Usable supporting shape; not needed in this pass, avoid visual duplication and indiscriminate filler",112,True,MI_Sockets
Assets/80s_Office/Prefabs/WallGreebles/Surveilence.prefab,Reserve,"Usable supporting shape; not needed in this pass, avoid visual duplication and indiscriminate filler",1188,True,MI_Sockets; PlaceHolder_PlasticFrame_Lense
Assets/80s_Office/Prefabs/WallGreebles/Whiteboard_Wall.prefab,Reserve,"Usable supporting shape; not needed in this pass, avoid visual duplication and indiscriminate filler",264,True,MI_Wood_White
Assets/80s_Office/Prefabs/Walls/Border_1m.prefab,Reserve,Architectural alternative; current three-wall window hall and clear portal route retained,56,True,MI_Concrete; MI_Wood
Assets/80s_Office/Prefabs/Walls/Border_3m.prefab,Reserve,Architectural alternative; current three-wall window hall and clear portal route retained,392,True,MI_Concrete; MI_Steel; MI_Wood
Assets/80s_Office/Prefabs/Walls/Border_Cap.prefab,Reserve,Architectural alternative; current three-wall window hall and clear portal route retained,72,True,MI_Concrete; MI_Wood
Assets/80s_Office/Prefabs/Walls/Border_Corner_Inner.prefab,Reserve,Architectural alternative; current three-wall window hall and clear portal route retained,568,True,MI_Concrete; MI_Steel; MI_Wood
Assets/80s_Office/Prefabs/Walls/Border_Corner_Outer.prefab,Reserve,Architectural alternative; current three-wall window hall and clear portal route retained,502,True,MI_Concrete; MI_Steel; MI_Wood
Assets/80s_Office/Prefabs/Walls/Ceiling_Grid.prefab,Reserve,Architectural alternative; current three-wall window hall and clear portal route retained,104,True,MI_Emissive; PlaceHolder_PlasticFrame_Dark
Assets/80s_Office/Prefabs/Walls/Ceiling_Hole.prefab,Reserve,Architectural alternative; current three-wall window hall and clear portal route retained,1282,True,MI_EmissiveWarm; PlaceHolder_PlasticFrame_Light
Assets/80s_Office/Prefabs/Walls/Ceiling_HoleRandom.prefab,Reserve,Architectural alternative; current three-wall window hall and clear portal route retained,1154,True,MI_Emissive; PlaceHolder_PlasticFrame_Dark
Assets/80s_Office/Prefabs/Walls/Ceiling_Lights.prefab,Reserve,Architectural alternative; current three-wall window hall and clear portal route retained,1116,True,MI_Ceilings; MI_Lamp_Ceiling
Assets/80s_Office/Prefabs/Walls/Ceiling_Lights_Round.prefab,Reserve,Architectural alternative; current three-wall window hall and clear portal route retained,596,True,MI_Emissive; MI_Steel
Assets/80s_Office/Prefabs/Walls/Ceiling_Pyramid.prefab,Reserve,Architectural alternative; current three-wall window hall and clear portal route retained,296,True,MI_Emissive; MI_Walls
Assets/80s_Office/Prefabs/Walls/Ceiling_Vents.prefab,Reserve,Architectural alternative; current three-wall window hall and clear portal route retained,194,True,MI_Ceilings; PlaceHolder_PlasticFrame_Light
Assets/80s_Office/Prefabs/Walls/Ceiling_Waffle.prefab,Reserve,Architectural alternative; current three-wall window hall and clear portal route retained,1442,True,PlaceHolder_PlasticFrame_Light
Assets/80s_Office/Prefabs/Walls/Column.prefab,Reserve,"Usable supporting shape; not needed in this pass, avoid visual duplication and indiscriminate filler",66,True,MI_Walls; MI_Walls_Col2
Assets/80s_Office/Prefabs/Walls/CubicleWall.prefab,Reserve,"Usable supporting shape; not needed in this pass, avoid visual duplication and indiscriminate filler",124,True,MI_Cubicles
Assets/80s_Office/Prefabs/Walls/CubicleWall_L.prefab,Reserve,"Usable supporting shape; not needed in this pass, avoid visual duplication and indiscriminate filler",256,True,MI_Cubicles
Assets/80s_Office/Prefabs/Walls/CubicleWall_T.prefab,Reserve,"Usable supporting shape; not needed in this pass, avoid visual duplication and indiscriminate filler",388,True,MI_Cubicles
Assets/80s_Office/Prefabs/Walls/GlassWall.prefab,Reserve,Architectural alternative; current three-wall window hall and clear portal route retained,272,True,MI_Glass_Dark; MI_Steel
Assets/80s_Office/Prefabs/Walls/GlassWall_Door.prefab,Reserve,Architectural alternative; current three-wall window hall and clear portal route retained,1596,True,MI_DoorParts; MI_Glass_Dark; MI_Steel
Assets/80s_Office/Prefabs/Walls/GlassWall_Door_Double.prefab,Reserve,Architectural alternative; current three-wall window hall and clear portal route retained,1674,True,MI_DoorParts; MI_Glass_Dark; MI_Steel
Assets/80s_Office/Prefabs/Walls/GlassWall_DoorFrame.prefab,Reserve,Architectural alternative; current three-wall window hall and clear portal route retained,484,True,MI_Glass_Dark; MI_Steel
Assets/80s_Office/Prefabs/Walls/GlassWall_DoorFrame_Large.prefab,Reserve,Architectural alternative; current three-wall window hall and clear portal route retained,484,True,MI_Glass_Dark; MI_Steel
Assets/80s_Office/Prefabs/Walls/Vent_Circular.prefab,Reserve,"Usable supporting shape; not needed in this pass, avoid visual duplication and indiscriminate filler",1644,True,MI_Sockets
Assets/80s_Office/Prefabs/Walls/Vent_Rect.prefab,Reserve,"Usable supporting shape; not needed in this pass, avoid visual duplication and indiscriminate filler",676,True,MI_Sockets
Assets/80s_Office/Prefabs/Walls/Vent_Square.prefab,Reserve,"Usable supporting shape; not needed in this pass, avoid visual duplication and indiscriminate filler",398,True,MI_Sockets
Assets/80s_Office/Prefabs/Walls/Wall_1m.prefab,Reserve,Architectural alternative; current three-wall window hall and clear portal route retained,42,True,MI_Walls; MI_Wood
Assets/80s_Office/Prefabs/Walls/Wall_1m_Cap.prefab,Reserve,Architectural alternative; current three-wall window hall and clear portal route retained,38,True,MI_Walls; MI_Wood
Assets/80s_Office/Prefabs/Walls/Wall_1m_Corner.prefab,Reserve,Architectural alternative; current three-wall window hall and clear portal route retained,69,True,MI_Walls; MI_Wood
Assets/80s_Office/Prefabs/Walls/Wall_1m_Corner_Inner.prefab,Reserve,Architectural alternative; current three-wall window hall and clear portal route retained,68,True,MI_Walls; MI_Wood
Assets/80s_Office/Prefabs/Walls/Wall_2m.prefab,Reserve,Architectural alternative; current three-wall window hall and clear portal route retained,42,True,MI_Walls; MI_Wood
Assets/80s_Office/Prefabs/Walls/Wall_2m_Corner.prefab,Reserve,Architectural alternative; current three-wall window hall and clear portal route retained,69,True,MI_Walls; MI_Wood
Assets/80s_Office/Prefabs/Walls/Wall_2m_Corner_Inner.prefab,Reserve,Architectural alternative; current three-wall window hall and clear portal route retained,68,True,MI_Walls; MI_Wood
Assets/80s_Office/Prefabs/Walls/Wall_30cm.prefab,Reserve,Architectural alternative; current three-wall window hall and clear portal route retained,72,True,MI_Walls; MI_Wood
Assets/80s_Office/Prefabs/Walls/Wall_3m.prefab,Reserve,Architectural alternative; current three-wall window hall and clear portal route retained,42,True,MI_Walls; MI_Wood
Assets/80s_Office/Prefabs/Walls/Wall_3m_Angled.prefab,Reserve,Architectural alternative; current three-wall window hall and clear portal route retained,42,True,MI_Walls; MI_Wood
Assets/80s_Office/Prefabs/Walls/Wall_3m_Corner.prefab,Reserve,Architectural alternative; current three-wall window hall and clear portal route retained,70,True,MI_Walls; MI_Wood
Assets/80s_Office/Prefabs/Walls/Wall_3m_Corner_Inner.prefab,Reserve,Architectural alternative; current three-wall window hall and clear portal route retained,68,True,MI_Walls; MI_Wood
Assets/80s_Office/Prefabs/Walls/Wall_3m_Door.prefab,Reserve,Architectural alternative; current three-wall window hall and clear portal route retained,100,True,MI_Walls; MI_Wood
Assets/80s_Office/Prefabs/Walls/Wall_3m_Door_Large.prefab,Reserve,Architectural alternative; current three-wall window hall and clear portal route retained,100,True,MI_Walls; MI_Wood
Assets/80s_Office/Prefabs/Walls/Wall_3m_Extrusion.prefab,Reserve,Architectural alternative; current three-wall window hall and clear portal route retained,74,True,MI_Walls; MI_Wood
Assets/80s_Office/Prefabs/Walls/Wall_3m_Window.prefab,Reserve,Architectural alternative; current three-wall window hall and clear portal route retained,62,True,MI_Walls; MI_Wood
Assets/80s_Office/Prefabs/Walls/Wall_3m_WindowSmall.prefab,Reserve,Architectural alternative; current three-wall window hall and clear portal route retained,82,True,MI_Walls; MI_Wood
Assets/80s_Office/Prefabs/Walls/Wall_Divider.prefab,Reserve,Architectural alternative; current three-wall window hall and clear portal route retained,10,True,MI_Steel
Assets/80s_Office/Prefabs/Walls/Wall_Half.prefab,Reserve,Architectural alternative; current three-wall window hall and clear portal route retained,42,True,MI_Walls; MI_Wood
Assets/80s_Office/Prefabs/Walls/Wall_WC.prefab,Reserve,Architectural alternative; current three-wall window hall and clear portal route retained,250,True,MI_Steel; MI_Walls
Assets/80s_Office/Prefabs/WC/Toilet.prefab,Reserve,Architectural alternative; current three-wall window hall and clear portal route retained,5524,True,MI_Toilet
Assets/80s_Office/Prefabs/WC/Toilet_Sink.prefab,Reserve,Architectural alternative; current three-wall window hall and clear portal route retained,4709,True,MI_Sink
Assets/80s_Office/Prefabs/WC/Toilet_Urinal.prefab,Reserve,Architectural alternative; current three-wall window hall and clear portal route retained,2612,True,MI_Urinal
Assets/80s_Office/Prefabs/WC/ToiletPaperHolder.prefab,Reserve,Architectural alternative; current three-wall window hall and clear portal route retained,1154,True,MI_ToiletPaperHolder
Assets/80s_Office/Prefabs/Windows/Window_Small.prefab,Reserve,Architectural alternative; current three-wall window hall and clear portal route retained,280,True,MI_Steel; MI_Walls; MI_Wood; PlaceHolder_PlasticFrame_Light
Assets/80s_Office/Prefabs/Windows/Windows_Blinds_Horizontal.prefab,Reserve,Architectural alternative; current three-wall window hall and clear portal route retained,722,True,MI_Steel; MI_Walls; MI_Wood; PlaceHolder_PlasticFrame_Light
Assets/80s_Office/Prefabs/Windows/Windows_Blinds_Vertical.prefab,Reserve,Architectural alternative; current three-wall window hall and clear portal route retained,4438,True,MI_Steel; MI_Walls; MI_Wood; PlaceHolder_PlasticFrame; PlaceHolder_PlasticFrame_Light
